[
{
	"uri": "https://annakarenina.org/website/hugo/",
	"title": "Hugo",
	"tags": [],
	"description": "",
	"content": "This website was created using Hugo with the Learn theme. After an initial learning period, Hugo offers an easy-to-use way to create lightweight websites. All the pages on this site are written as markdown files and the entire source code of the website can be found in the GitHub repository.\n"
},
{
	"uri": "https://annakarenina.org/results/wordcloud/",
	"title": "Wordcloud",
	"tags": [],
	"description": "",
	"content": "Using the Python module WordCloud by Andreas Mueller, a word cloud is built for both the text in and of itself as well as the text in its lemmatized form. The more often a word appears in the given text, the larger the word is displayed in the word cloud. The word cloud excludes predefined stopwords (a full list can be found in stopwords.txt in the GitHub repository, that would add no value to the result. Additionally, words that are commonly used together in the text such as many of the Russian names (e.g. \u0026ldquo;Stepan Arkadyevitch\u0026rdquo;) are counted as one expression (i.e. counting the occurrences of \u0026ldquo;Stepan Arkadyevitch\u0026rdquo; and not \u0026ldquo;Stepan\u0026rdquo; and \u0026ldquo;Arkadyevitch\u0026rdquo; separately).\nIf we first take a look at the word cloud of the entire book with the text in its unlemmatized (i.e. \u0026ldquo;normal\u0026rdquo;) form, several observations can be made. First of all, with \u0026ldquo;said\u0026rdquo; being the largest word in the wordcloud, that is merely a representation of the narrative style of the book, which - besides extensive dialogue - features a narrator.\nNext, what seems striking is the size of \u0026ldquo;levin\u0026rdquo;. Since the story centers around its eponymous character of Anna Karenina, it could seem strange at first that Konstantin Levin would be the most frequently named character. This could be due to a multitude of reasons: Firstly, the frequent naming of Levin could be caused by the writing of the character itself. One hypothesis could be, for example, that Levin has less dialogue compared to the other main characters, but is described more often by the narrator. Secondly, it could also be the case that Levin is mentioned so often for the reason that he is generally considered Tolstoy\u0026rsquo;s alter ego representing his political ideas and ideals. If one follows such a hypothesis, this could imply that Tolstoy used Levin\u0026rsquo;s character most frequently in order to comment on the events in the plot and place them into his own worldview.\nLooking at the word cloud with the entire text in its lemmatized form, we see several patterns. \u0026ldquo;Say\u0026rdquo; is still the largest word, but we now have several other verbs in their basic form that also take up a large space. This is probably due to the fact, that \u0026ldquo;say\u0026rdquo; is almost exclusively used with a narrative \u0026ldquo;said\u0026rdquo;, while verbs like \u0026ldquo;see\u0026rdquo;, \u0026ldquo;come\u0026rdquo;, \u0026ldquo;know\u0026rdquo;, \u0026ldquo;think\u0026rdquo;, etc. are used for all kinds of purposes in several conjugated forms. Lemmatizing the text merges all these forms into just their basic form, which causes the many different verbs that were much smaller (or not there at all) in the first word cloud.\nOther than that there are not many notable differences between the two word clouds.\n Further down are the word clouds for each of the eight parts of the book in their unlemmatized and lemmatized form respectively.\nPart One In this case, once again, we can see the benefit of using lemmatization in the word \u0026ldquo;go\u0026rdquo;. In the word cloud of the unlemmatized text, we can see the words \u0026ldquo;go\u0026rdquo; and \u0026ldquo;went\u0026rdquo; appear relatively small on the left and upper left respectively, while in the lemmatized text, it is one of the largest words.\nThis part, like the book in its entirety, features Levin most frequently of the characters.\nAnother observation that can be made from this part of the book: While \u0026ldquo;go\u0026rdquo; is a widely used verb, it does not appear equally as often in the different parts of the book, as we can see in the different word clouds, which could be a basis for hypotheses.\nPart Two As we can see, the second part of the book features mostly Vronsky and Kitty. This is in line with the plot which, in this part, features Kitty\u0026rsquo;s and Vronsky\u0026rsquo;s mostly individual stories as Kitty is recovering from her failing health and Vronsky takes on a horseriding event.\nOne observation that can be made, especially from the lemmatized word cloud is the relatively large size of the word \u0026ldquo;know\u0026rdquo;, which appears much more frequently in this part than in most others. Whether this implies certainty (e.g. \u0026ldquo;I know\u0026rdquo;) or more uncertainty (e.g. \u0026ldquo;I don\u0026rsquo;t know\u0026rdquo;) is not evident but could be an interesting subject for further investigation.\nPart Three Part 3 once again features Konstantin Levin the most, which is not surprising, considering this part is mostly about Levin\u0026rsquo;s life on his estate. One observation that might be of interest, is the relative size of \u0026ldquo;would\u0026rdquo; and \u0026ldquo;could\u0026rdquo;. One could speculate that this is due to the fact that Levin spends a lot of time in this chapter reflecting on his life and on aspirations for the future, although this conclusion would require a more systematic investigation.\nPart Four One thing that immediately springs to mind about the word cloud of Part 4 is the absence of few but large words. Instead, one can see a broader distribution of words. The only notable large-sized word (or name in this instance) that one can see in both the normal and the lemmatized word cloud is \u0026ldquo;alexey alexandrovitch\u0026rdquo; which, again, is unsurprising, as Part 4 heavily features Alexey Karenin thinking about and consulting a lawyer about a possible divorce from his wife, Anna Karenina.\nNonetheless, the diverse array of words without any particularly prominent words beside \u0026ldquo;say\u0026rdquo; and \u0026ldquo;alexey alexandrovitch\u0026rdquo; looks interesting and invites for speculation. Once again, though, a thorough investigation from literary scholars would be needed.\nPart Five In contrast, the word cloud for Part 5 looks very different. There are several words of prominent size. Especially the differences between the normal and lemmatized word clouds are striking. While Levin is featured particularly often in the normal word cloud, his name shrinks considerably in the lemmatized word cloud and instead gives room for verbs like \u0026ldquo;come\u0026rdquo;, \u0026ldquo;see\u0026rdquo; and \u0026ldquo;go\u0026rdquo;.\nAnother interesting observation can be made in the first word cloud, as the words \u0026ldquo;could\u0026rdquo; and \u0026ldquo;would\u0026rdquo; are particularly prominent. As in Part 3, the speculation can be made that this is due to the fact that this part sees many characters in changing life situations. Levin and Kitty get married and get used to their new life on Levin\u0026rsquo;s estate, struggling with their different ideas for the future as a married couple. Meanwhile, Anna Karenina and Vronsky are spending time alone (away from Anna\u0026rsquo;s still-husband) and are themselves pondering possibities for their future together while being concerned about Anna\u0026rsquo;s position in society. Especially this last concern, one might speculate, could be the reason for the size of the word \u0026ldquo;see\u0026rdquo; in the lemmatized word cloud, as Anna often thinks about how she is being seen by society (figuratively as well as literally while visiting a theatre performance in St. Petersburg).\nPart Six Besides still featuring \u0026ldquo;would\u0026rdquo; and \u0026ldquo;could\u0026rdquo; prominently, the normal world cloud features mostly Levin and Anna. This might be due to Darya Alexandrovna, whose name is also featured relatively prominently, visiting both the Levins as well as Anna and Vronsky at their respective residence. While \u0026ldquo;levin\u0026rdquo; remains a rather large word in the lemmatized word cloud, though, \u0026ldquo;anna\u0026rdquo; gets overshadowed by verbs such as \u0026ldquo;go\u0026rdquo;, \u0026ldquo;see\u0026rdquo;, \u0026ldquo;know\u0026rdquo; and \u0026ldquo;come\u0026rdquo;. More unusual is the size of \u0026ldquo;well\u0026rdquo; at the right border of the image, which was not featured as prominently in the previous word clouds.\nPart Seven This final part of the main story majorly features Stepan Arkadyevitch and Levin again, who spend some time together mostly at the beginning of Part 7 and then go on to visit people throughout the rest of this part of the book. What seems surprising, however, is how few times \u0026ldquo;anna\u0026rdquo; is mentioned according to the size of her name, given that her mental state degrades further and further along the story, ultimately culminating into her suicide. While reading this part of the book, Anna Karenina\u0026rsquo;s mental struggles eventually become the major story line which makes it surprising that very few traces of it can be found on either of the two word clouds.\nAnother event that is not outright visible on these word clouds is the birth of the Levins\u0026rsquo; child, also a major event in the plot. This exemplifies some of the limitations of a quantitative analysis of a literary text, which for a thorough investigation should be used as an additional means of analysis, not a replacement of existing ones.\nPart Eight This last part and epilogue of the book once again shows a more distributed array of words. The plot of the final part is represented through \u0026ldquo;sergey ivanovitch\u0026rdquo;, which is the largest word in these word clouds, as he plays a major role at the beginning of this part.\nAmong the other prominent words in these word clouds, several plot lines can be seen. For example the medium-sized word \u0026ldquo;god\u0026rdquo; (in the center-right) represents Levin\u0026rsquo;s struggles with religion, ultimately no longer rejecting but accepting his Christian faith.\nAn other interesting observation that can be made in the lemmatized word cloud is the size of the words \u0026ldquo;live\u0026rdquo; and \u0026ldquo;life\u0026rdquo;. One might speculate that this represents all the characters in the final part reflecting on their lives and their ideas of their future. Additionally, several positively connotated words can be seen, such as \u0026ldquo;smile\u0026rdquo; and \u0026ldquo;well\u0026rdquo;, which might represent Tolstoy\u0026rsquo;s intent to end the novel on a positive note.\n"
},
{
	"uri": "https://annakarenina.org/basics/text/",
	"title": "Text",
	"tags": [],
	"description": "",
	"content": "In order to perform quantitative analyses on a text, the text first has to be acquired in a machine-readable format. In the case of Anna Karenina, the text is available in multiple editions and languages on Project Gutenberg. Here, the most downloaded English version, translated from the Russian original by Constance Garnett was used.\n"
},
{
	"uri": "https://annakarenina.org/basics/",
	"title": "Basics",
	"tags": [],
	"description": "",
	"content": "Part 1 Text \u0026amp; Preprocessing Acquiring the text and performing preprocessing for further analyses.\n"
},
{
	"uri": "https://annakarenina.org/website/license/",
	"title": "License",
	"tags": [],
	"description": "",
	"content": "All code for this project can be used and modified according to GNU General Public License v3.0. The same conditions apply to all content on this website.\nThis website uses no cookies or any form of tracking at all.\nLogo designed by Julia Wang.\n"
},
{
	"uri": "https://annakarenina.org/results/count/",
	"title": "Count",
	"tags": [],
	"description": "",
	"content": "As one means of analysis, two counting methods were used and the respective results visualized. While a count of the major characters looks at the number of occurrences of the respective character in total as well as the different parts of the book, a location count looks at the occurrences of the two major plot locations St. Petersburg and Moscow, as well as Konstantin Levin\u0026rsquo;s and Alexey Vronsky\u0026rsquo;s estate.\nUsing such tools can help in trying to gain a better understanding of the story and its implications. The results offer insights into the composition of the different parts of the book and how the characters and locations are represented in each of them.\nCharacter Count The difficulty in counting the characters of the book lies mostly in the Russian names. For example, Stepan Oblonsky\u0026rsquo;s full name is \u0026ldquo;Stepan Arkadyevitch Oblonsky\u0026rdquo; while he also has a nickname, \u0026ldquo;Stiva\u0026rdquo;. Most people call him either \u0026ldquo;Stepan Arkadyevitch\u0026rdquo; or \u0026ldquo;Stiva\u0026rdquo; but others might also call him by his last name. In this instance, the Python script counts the occurrences of \u0026ldquo;Stepan Arkadyevitch\u0026rdquo;, \u0026ldquo;Stiva\u0026rdquo;, and \u0026ldquo;Oblonsky\u0026rdquo; and adds the different counts. There will never be a perfect count because people might call him \u0026ldquo;Stiva Oblonsky\u0026rdquo; and therefore add two occurrences instead of just one, but I have tried to account for the most common naming schemes (e.g. if someone were to call him \u0026ldquo;Stepan Oblonsky\u0026rdquo; it would only count as one since \u0026ldquo;Stepan\u0026rdquo; is not counted individually).\nOne difficulty that arises, however, is two characters being named Alexey - Alexey Vronsky and Alexey Karenin. Given that both of them are regularly addressed as \u0026ldquo;Alexey\u0026rdquo; this makes it impossible to count their respective occurrences. This is why the plot features an \u0026ldquo;Alexey (unclear)\u0026rdquo;, which are all the occurrences of \u0026ldquo;Alexey\u0026rdquo; that could not be reliably distinguished. The bar of \u0026ldquo;Alexey (unclear)\u0026rdquo; does look very similar to that of Alexey Karenin, however, so one can speculate that most of those occurrences belong to Alexey Karenin.\nAs can be seen in the image above, Konstantin Levin is by far the most mentioned character, being named about twice as much as the eponymous Anna Karenina. As with the word clouds, this can most likely be explained due to the character being generally considered Lev Tolstoy\u0026rsquo;s alter ego, thereby infusing his own ideas and perspectives into the story.\nLevin seems to be featured relatively equally throughout all of the eight parts of the book, with an especially large count in Parts 3 and 6, both of which feature mainly the Levins (only Konstantin Levin in Part 3 plus Kitty in Part 6).\nLocation Count As the plot centers around the locations St. Petersburg and Moscow with their respective countryside, one can see this being visually represented in the plot above. Both major locations are featured in all of the eight parts of the book, although the final part features mostly Moscow and barely mentions St. Petersburg. Given that Tolstoy expresses clear moral judgement about the locations with St. Petersburg being viewed negatively and Moscow being seen as morally superior, one might argue that this could be an attempt by Tolstoy to end the story on a more positive note. What might support this hypothesis is Levin\u0026rsquo;s estate Pokrovskoe being mostly featured in Part 8 (besides Part 3, where Levin spends the entire story on his estate), which for Tolstoy represented the ideal rural life. Additionally, Vozdvizhenskoe, Vronsky\u0026rsquo;s estate, is mostly featured in Part 7, whose storyline features Anna Karenina\u0026rsquo;s declining mental health and ultimately her suicide.\n"
},
{
	"uri": "https://annakarenina.org/results/",
	"title": "Code and Results",
	"tags": [],
	"description": "",
	"content": "Part 2 Code and Results Performing different analyses on the text using Python and visualizing the results.\n"
},
{
	"uri": "https://annakarenina.org/website/",
	"title": "Website",
	"tags": [],
	"description": "",
	"content": "Part 3 Publishing Results Publishing the results of the previous analyses on this website.\n"
},
{
	"uri": "https://annakarenina.org/results/sentimentanalysis/",
	"title": "Sentiment Analysis",
	"tags": [],
	"description": "",
	"content": "For this part, the individual sentences of the text are being classified as either negative, neutral or positive by a Sentiment Intensity Analyzer.\nAs individual graphs, the results look very similar. Only in comparison, e.g. switching rapidly between the different images, one can see subtle difference between the different parts of the book. The used Python module is, however, mostly suited for short and easy texts like Twitter posts or online reviews. The hypothesis made previously that Tolstoy might have wanted to end his novel on a good note would be disputed with the results of this sentiment analysis, as Part 7, where Anna Karenina experiences her mental decline and eventually decides on her suicide, would be more positive and less negative than the epilogue Part 8. Although the final part features by no means a typical happy ending, this result would seem odd given previous results from other analyses.\nIn the future, I\u0026rsquo;d like to retry a sentiment analysis using a more sophisticated method. For now, if one wants to rapidly switch between the different images to see subtle differences, it is advisable to download the respective folder from the GitHub repository.\n"
},
{
	"uri": "https://annakarenina.org/results/emotionrecognition/",
	"title": "Emotion Recognition",
	"tags": [],
	"description": "",
	"content": "Finally, as a more advanced method of analysis, an emotion recognition algorithm was written to explore the emotions in more detail (based on this article by Abhinav Kumar). After training a machine learning model, each sentence of the book is classified with either anger, joy, sadness, surprise, fear, or love:\nTo achieve this, the machine learning model first has to be trained on a dataset, which assigns one of the six emotions noted above to a large number of sentences. After training the model, the book text is loaded and tokenized into individual sentences, as well as divided into the eight parts of the book. These sentences are then analyzed by the model and the results visualized into a bar plot showing the percentage of emotions throughout all sentences of one book part.\nLooking at the results, one can see a large percentage of sentences that are assigned the emotion \u0026ldquo;anger\u0026rdquo;. If one then looks at the corresponding individual assigned emotions, it becomes obvious that many sentences are classified with \u0026ldquo;anger\u0026rdquo; that are almost not emotionally charged at all. This unfortunate \u0026ldquo;noise\u0026rdquo; in the data is due to the dataset that was used for training the model. Unfortunately, there not many other high-quality public datasets with sufficient data to train a machine learning model on recognizing emotions from sentences.\nDespite these obstacles, there are several observations that can be made from the visualization above: First, the size of \u0026ldquo;sadness\u0026rdquo; in Part 5: this part of the story is infused with insecurities from many of the major characters who are all trying to figure out their future life. This might explain the rather large bar for \u0026ldquo;sadness\u0026rdquo;.\nA similar observation can be made in Part 3, which is mostly about Levin on his estate, contemplating his future. This part seems to feature slightly less anger than the other parts and slightly more joy, which seems in line with a subjective reading of this part.\n"
},
{
	"uri": "https://annakarenina.org/basics/preprocessing/",
	"title": "Preprocessing",
	"tags": [],
	"description": "",
	"content": "In order to make the text usable for a quantitative analysis, various procedures must first be applied in the context of preprocessing.\nThe text was downloaded from Project Gutenberg, since Tolstoy\u0026rsquo;s work itself is no longer subject to copyright. The plain text (.txt) file contains some annotations from Project Gutenberg, as well as a table of contents, which are first removed manually.\nThe start of the book then looks like this:\nThen all lines beginning with \u0026ldquo;PART\u0026rdquo; or \u0026ldquo;Chapter\u0026rdquo; are deleted from the document to limit the analysis to only relevant content. The text is also divided into the eight parts of the work in order to be able to analyze the book as a whole, as well as the eight parts individually. Next, all blank lines are deleted, punctuation is removed, and all text is converted to lowercase.\nThis results in a uniform text without quotation marks, punctuation, capitalization, etc. Such a text is no longer particularly pleasant to read for humans, since, e.g. direct speech can no longer be recognized, but it is very helpful for a quantitative analysis. The program code does not recognize words twice (e.g. \u0026quot; House\u0026quot; and \u0026ldquo;house\u0026rdquo;), but summarizes all occurrences of a word.\nAt this point, the preprocessed text looks like this:\nAnother problem are the different forms of words (e.g. \u0026ldquo;be\u0026rdquo;, \u0026ldquo;are\u0026rdquo;, \u0026ldquo;am\u0026rdquo;, \u0026ldquo;family\u0026rdquo;, \u0026ldquo;families\u0026rdquo;). If one wants to summarize all forms of words to make a qualified count of the occurrences, these must be lemmatized first. Thereby all words are put back into their respective basic form.\nThe final version of the text that is suitable for further analysis then looks like this:\nAll the different version of the text can also be found on the GitHub repository.\n"
},
{
	"uri": "https://annakarenina.org/",
	"title": "Anna Karenina in Data",
	"tags": [],
	"description": "",
	"content": "Anna Karenina in Data About Lev Tolstoy first published his famous work Anna Karenina in between 1875 and 1877. Since then, it has been established as one of the great works of literature. While there has been much discussion and many interpretations about the many different facets of the story, this project takes a different approach.\nUsing methods from the field of digital humanities, this website offers an entry point into quantitative analyses into this great work of literature. The analyses demonstrated here should not be seen as all-encompassing but instead as a first attempt of analyzing Anna Karenina using digital methods. Many of the results demonstrated here offer room for improvement and should serve mostly for inspiration to further inquire into different parts of the story by showing patterns that might not become visible while first reading the book. Additionally, the different methods shown here can hopefully provide interest and/or inspiration for the possibilites of digital methods in the field of the humanities.\nAll the explanations on this website assume familiarity with the plot of Anna Karenina.\nMethodology All the analyses of this project were performed using Python. The source code for all parts, including this website itself, can be found on the GitHub repository linked in the side bar.\nBackground This website was created in August 2022 as part of a seminar paper at the University of Basel as part of my masters studies. The project was supervised by Prof. Dr. Lukas Rosenthaler of the University of Basel\u0026rsquo;s Digital Humanities Lab.\nThe content on this website will be further expanded in the future.\n"
},
{
	"uri": "https://annakarenina.org/categories/",
	"title": "Categories",
	"tags": [],
	"description": "",
	"content": ""
},
{
	"uri": "https://annakarenina.org/tags/",
	"title": "Tags",
	"tags": [],
	"description": "",
	"content": ""
}]