<?xml version="1.0" encoding="utf-8" standalone="yes"?>
<rss version="2.0" xmlns:atom="http://www.w3.org/2005/Atom">
  <channel>
    <title>Anna Karenina in Data</title>
    <link>https://annakarenina.org/</link>
    <description>Recent content on Anna Karenina in Data</description>
    <generator>Hugo -- gohugo.io</generator>
    <language>en-us</language>
    <lastBuildDate>Mon, 05 Sep 2022 00:44:36 +0200</lastBuildDate><atom:link href="https://annakarenina.org/index.xml" rel="self" type="application/rss+xml" />
    <item>
      <title>Hugo</title>
      <link>https://annakarenina.org/website/hugo/</link>
      <pubDate>Mon, 05 Sep 2022 01:02:36 +0200</pubDate>
      
      <guid>https://annakarenina.org/website/hugo/</guid>
      <description>This website was created using Hugo with the Learn theme. After an initial learning period, Hugo offers an easy-to-use way to create lightweight websites. All the pages on this site are written as markdown files and the entire source code of the website can be found in the GitHub repository.</description>
    </item>
    
    <item>
      <title>Wordcloud</title>
      <link>https://annakarenina.org/results/wordcloud/</link>
      <pubDate>Mon, 05 Sep 2022 01:02:00 +0200</pubDate>
      
      <guid>https://annakarenina.org/results/wordcloud/</guid>
      <description>Using the Python module WordCloud by Andreas Mueller, a word cloud is built for both the text in and of itself as well as the text in its lemmatized form. The more often a word appears in the given text, the larger the word is displayed in the word cloud. The word cloud excludes predefined stopwords (a full list can be found in stopwords.txt in the GitHub repository, that would add no value to the result.</description>
    </item>
    
    <item>
      <title>Text</title>
      <link>https://annakarenina.org/basics/text/</link>
      <pubDate>Mon, 05 Sep 2022 01:00:46 +0200</pubDate>
      
      <guid>https://annakarenina.org/basics/text/</guid>
      <description>In order to perform quantitative analyses on a text, the text first has to be acquired in a machine-readable format. In the case of Anna Karenina, the text is available in multiple editions and languages on Project Gutenberg. Here, the most downloaded English version, translated from the Russian original by Constance Garnett was used.</description>
    </item>
    
    <item>
      <title>License</title>
      <link>https://annakarenina.org/website/license/</link>
      <pubDate>Mon, 05 Sep 2022 19:37:35 +0200</pubDate>
      
      <guid>https://annakarenina.org/website/license/</guid>
      <description>All code for this project can be used and modified according to GNU General Public License v3.0. The same conditions apply to all content on this website.
This website uses no cookies or any form of tracking at all.
Logo designed by Julia Wang.</description>
    </item>
    
    <item>
      <title>Count</title>
      <link>https://annakarenina.org/results/count/</link>
      <pubDate>Mon, 05 Sep 2022 01:02:06 +0200</pubDate>
      
      <guid>https://annakarenina.org/results/count/</guid>
      <description>As one means of analysis, two counting methods were used and the respective results visualized. While a count of the major characters looks at the number of occurrences of the respective character in total as well as the different parts of the book, a location count looks at the occurrences of the two major plot locations St. Petersburg and Moscow, as well as Konstantin Levin&amp;rsquo;s and Alexey Vronsky&amp;rsquo;s estate.
Using such tools can help in trying to gain a better understanding of the story and its implications.</description>
    </item>
    
    <item>
      <title>Sentiment Analysis</title>
      <link>https://annakarenina.org/results/sentimentanalysis/</link>
      <pubDate>Mon, 05 Sep 2022 01:02:16 +0200</pubDate>
      
      <guid>https://annakarenina.org/results/sentimentanalysis/</guid>
      <description>For this part, the individual sentences of the text are being classified as either negative, neutral or positive by a Sentiment Intensity Analyzer.
As individual graphs, the results look very similar. Only in comparison, e.g. switching rapidly between the different images, one can see subtle difference between the different parts of the book. The used Python module is, however, mostly suited for short and easy texts like Twitter posts or online reviews.</description>
    </item>
    
    <item>
      <title>Emotion Recognition</title>
      <link>https://annakarenina.org/results/emotionrecognition/</link>
      <pubDate>Mon, 05 Sep 2022 01:02:25 +0200</pubDate>
      
      <guid>https://annakarenina.org/results/emotionrecognition/</guid>
      <description>Finally, as a more advanced method of analysis, an emotion recognition algorithm was written to explore the emotions in more detail (based on this article by Abhinav Kumar). After training a machine learning model, each sentence of the book is classified with either anger, joy, sadness, surprise, fear, or love:
To achieve this, the machine learning model first has to be trained on a dataset, which assigns one of the six emotions noted above to a large number of sentences.</description>
    </item>
    
    <item>
      <title>Preprocessing</title>
      <link>https://annakarenina.org/basics/preprocessing/</link>
      <pubDate>Mon, 05 Sep 2022 01:01:41 +0200</pubDate>
      
      <guid>https://annakarenina.org/basics/preprocessing/</guid>
      <description>In order to make the text usable for a quantitative analysis, various procedures must first be applied in the context of preprocessing.
The text was downloaded from Project Gutenberg, since Tolstoy&amp;rsquo;s work itself is no longer subject to copyright. The plain text (.txt) file contains some annotations from Project Gutenberg, as well as a table of contents, which are first removed manually.
The start of the book then looks like this:</description>
    </item>
    
  </channel>
</rss>
