<?xml version="1.0" encoding="utf-8" standalone="yes"?>
<rss version="2.0" xmlns:atom="http://www.w3.org/2005/Atom">
  <channel>
    <title>Basics on Anna Karenina in Data</title>
    <link>https://annakarenina.org/basics/</link>
    <description>Recent content in Basics on Anna Karenina in Data</description>
    <generator>Hugo -- gohugo.io</generator>
    <language>en-us</language>
    <lastBuildDate>Mon, 05 Sep 2022 00:50:36 +0200</lastBuildDate><atom:link href="https://annakarenina.org/basics/index.xml" rel="self" type="application/rss+xml" />
    <item>
      <title>Text</title>
      <link>https://annakarenina.org/basics/text/</link>
      <pubDate>Mon, 05 Sep 2022 01:00:46 +0200</pubDate>
      
      <guid>https://annakarenina.org/basics/text/</guid>
      <description>In order to perform quantitative analyses on a text, the text first has to be acquired in a machine-readable format. In the case of Anna Karenina, the text is available in multiple editions and languages on Project Gutenberg. Here, the most downloaded English version, translated from the Russian original by Constance Garnett was used.</description>
    </item>
    
    <item>
      <title>Preprocessing</title>
      <link>https://annakarenina.org/basics/preprocessing/</link>
      <pubDate>Mon, 05 Sep 2022 01:01:41 +0200</pubDate>
      
      <guid>https://annakarenina.org/basics/preprocessing/</guid>
      <description>In order to make the text usable for a quantitative analysis, various procedures must first be applied in the context of preprocessing.
The text was downloaded from Project Gutenberg, since Tolstoy&amp;rsquo;s work itself is no longer subject to copyright. The plain text (.txt) file contains some annotations from Project Gutenberg, as well as a table of contents, which are first removed manually.
The start of the book then looks like this:</description>
    </item>
    
  </channel>
</rss>
