<?xml version="1.0" encoding="utf-8" standalone="yes"?>
<rss version="2.0" xmlns:atom="http://www.w3.org/2005/Atom">
  <channel>
    <title>Website on Anna Karenina in Data</title>
    <link>https://annakarenina.org/website/</link>
    <description>Recent content in Website on Anna Karenina in Data</description>
    <generator>Hugo -- gohugo.io</generator>
    <language>en-us</language>
    <lastBuildDate>Mon, 05 Sep 2022 00:54:47 +0200</lastBuildDate><atom:link href="https://annakarenina.org/website/index.xml" rel="self" type="application/rss+xml" />
    <item>
      <title>Hugo</title>
      <link>https://annakarenina.org/website/hugo/</link>
      <pubDate>Mon, 05 Sep 2022 01:02:36 +0200</pubDate>
      
      <guid>https://annakarenina.org/website/hugo/</guid>
      <description>This website was created using Hugo with the Learn theme. After an initial learning period, Hugo offers an easy-to-use way to create lightweight websites. All the pages on this site are written as markdown files and the entire source code of the website can be found in the GitHub repository.</description>
    </item>
    
    <item>
      <title>License</title>
      <link>https://annakarenina.org/website/license/</link>
      <pubDate>Mon, 05 Sep 2022 19:37:35 +0200</pubDate>
      
      <guid>https://annakarenina.org/website/license/</guid>
      <description>All code for this project can be used and modified according to GNU General Public License v3.0. The same conditions apply to all content on this website.
This website uses no cookies or any form of tracking at all.
Logo designed by Julia Wang.</description>
    </item>
    
  </channel>
</rss>
