<?xml version="1.0" encoding="utf-8" standalone="yes"?>
<rss version="2.0" xmlns:atom="http://www.w3.org/2005/Atom">
  <channel>
    <title>Code and Results on Anna Karenina in Data</title>
    <link>https://annakarenina.org/results/</link>
    <description>Recent content in Code and Results on Anna Karenina in Data</description>
    <generator>Hugo -- gohugo.io</generator>
    <language>en-us</language>
    <lastBuildDate>Mon, 05 Sep 2022 00:53:35 +0200</lastBuildDate><atom:link href="https://annakarenina.org/results/index.xml" rel="self" type="application/rss+xml" />
    <item>
      <title>Wordcloud</title>
      <link>https://annakarenina.org/results/wordcloud/</link>
      <pubDate>Mon, 05 Sep 2022 01:02:00 +0200</pubDate>
      
      <guid>https://annakarenina.org/results/wordcloud/</guid>
      <description>Using the Python module WordCloud by Andreas Mueller, a word cloud is built for both the text in and of itself as well as the text in its lemmatized form. The more often a word appears in the given text, the larger the word is displayed in the word cloud. The word cloud excludes predefined stopwords (a full list can be found in stopwords.txt in the GitHub repository, that would add no value to the result.</description>
    </item>
    
    <item>
      <title>Count</title>
      <link>https://annakarenina.org/results/count/</link>
      <pubDate>Mon, 05 Sep 2022 01:02:06 +0200</pubDate>
      
      <guid>https://annakarenina.org/results/count/</guid>
      <description>As one means of analysis, two counting methods were used and the respective results visualized. While a count of the major characters looks at the number of occurrences of the respective character in total as well as the different parts of the book, a location count looks at the occurrences of the two major plot locations St. Petersburg and Moscow, as well as Konstantin Levin&amp;rsquo;s and Alexey Vronsky&amp;rsquo;s estate.
Using such tools can help in trying to gain a better understanding of the story and its implications.</description>
    </item>
    
    <item>
      <title>Sentiment Analysis</title>
      <link>https://annakarenina.org/results/sentimentanalysis/</link>
      <pubDate>Mon, 05 Sep 2022 01:02:16 +0200</pubDate>
      
      <guid>https://annakarenina.org/results/sentimentanalysis/</guid>
      <description>For this part, the individual sentences of the text are being classified as either negative, neutral or positive by a Sentiment Intensity Analyzer.
As individual graphs, the results look very similar. Only in comparison, e.g. switching rapidly between the different images, one can see subtle difference between the different parts of the book. The used Python module is, however, mostly suited for short and easy texts like Twitter posts or online reviews.</description>
    </item>
    
    <item>
      <title>Emotion Recognition</title>
      <link>https://annakarenina.org/results/emotionrecognition/</link>
      <pubDate>Mon, 05 Sep 2022 01:02:25 +0200</pubDate>
      
      <guid>https://annakarenina.org/results/emotionrecognition/</guid>
      <description>Finally, as a more advanced method of analysis, an emotion recognition algorithm was written to explore the emotions in more detail (based on this article by Abhinav Kumar). After training a machine learning model, each sentence of the book is classified with either anger, joy, sadness, surprise, fear, or love:
To achieve this, the machine learning model first has to be trained on a dataset, which assigns one of the six emotions noted above to a large number of sentences.</description>
    </item>
    
  </channel>
</rss>
