<?xml version="1.0" encoding="utf-8" standalone="yes"?>
<rss version="2.0" xmlns:atom="http://www.w3.org/2005/Atom">
  <channel>
    <title>Posts on My New Hugo Site</title>
    <link>http://example.org/posts/</link>
    <description>Recent content in Posts on My New Hugo Site</description>
    <generator>Hugo -- gohugo.io</generator>
    <language>en-us</language><atom:link href="http://example.org/posts/index.xml" rel="self" type="application/rss+xml" />
    <item>
      <title></title>
      <link>http://example.org/posts/about/</link>
      <pubDate>Mon, 01 Jan 0001 00:00:00 +0000</pubDate>
      
      <guid>http://example.org/posts/about/</guid>
      <description>About Digital Humanities
Entstanden im Rahmen Seminararbeit</description>
    </item>
    
    <item>
      <title></title>
      <link>http://example.org/posts/counts/</link>
      <pubDate>Mon, 01 Jan 0001 00:00:00 +0000</pubDate>
      
      <guid>http://example.org/posts/counts/</guid>
      <description>Counts As one means [mean?] of analysis, several counting methods were used and the respective results visualized. While a count of the major characters looks at the number of occurrences of the respective character in total as well as the different parts of the book, a location count [counter?] counts the occurrences of the two major plot locations St. Petersburg and Moscow as well as Konstantin Levin&amp;rsquo;s and Alexey Vronsky&amp;rsquo;s estate.</description>
    </item>
    
    <item>
      <title></title>
      <link>http://example.org/posts/emotion-recognition/</link>
      <pubDate>Mon, 01 Jan 0001 00:00:00 +0000</pubDate>
      
      <guid>http://example.org/posts/emotion-recognition/</guid>
      <description>Emotion Recognition </description>
    </item>
    
    <item>
      <title></title>
      <link>http://example.org/posts/introduction/</link>
      <pubDate>Mon, 01 Jan 0001 00:00:00 +0000</pubDate>
      
      <guid>http://example.org/posts/introduction/</guid>
      <description>Introduction About Anna Karenina Anna Karenina is a novel, written by Lev Tolstoy[^1] and published in serial installments between 1875 and 1877. It is widely considered to be one of the pinnacles of world literature.[^2]
The story is divided into eight parts and consists of over a dozen major characters.[^3] The main plot centers on an extramarital affair between the titular Anna Karenina and a young cavalry officer, Count Alexey Vronsky.</description>
    </item>
    
    <item>
      <title></title>
      <link>http://example.org/posts/preprocessing/</link>
      <pubDate>Mon, 01 Jan 0001 00:00:00 +0000</pubDate>
      
      <guid>http://example.org/posts/preprocessing/</guid>
      <description>Preprocessing In order to make the text usable for a quantitative analysis, various procedures must first be applied in the context of preprocessing.
The text was downloaded from Project Gutenberg, since Tolstoy&amp;rsquo;s work itself is no longer subject to copyright. The txt file contains some annotations from Project Gutenberg, as well as a table of contents, which are first removed manually. Then all lines beginning with &amp;ldquo;PART&amp;rdquo; or &amp;ldquo;Chapter&amp;rdquo; are deleted from the document to limit the analysis to pure content.</description>
    </item>
    
    <item>
      <title></title>
      <link>http://example.org/posts/sentiment-analysis/</link>
      <pubDate>Mon, 01 Jan 0001 00:00:00 +0000</pubDate>
      
      <guid>http://example.org/posts/sentiment-analysis/</guid>
      <description>Sentiment Analysis For this part, the individual sentences of the text are being classified as either negative, neutral or positive by a Sentiment Intensity Analyzer. [and displayed? as decimals?]
As individual graphics, the results look rather similar but in comparison, one can see subtle difference between the different parts of the book. The used Python module is, however, mostly suited for short and easy texts like Twitter posts or online reviews.</description>
    </item>
    
    <item>
      <title></title>
      <link>http://example.org/posts/wordcloud/</link>
      <pubDate>Mon, 01 Jan 0001 00:00:00 +0000</pubDate>
      
      <guid>http://example.org/posts/wordcloud/</guid>
      <description>Wordcloud Using the Python module WordCloud by Andreas Mueller[^1] we build a word cloud for both the text in and of itself (see the procedure for preprocessing the text HERE) as well as the text in its lemmatized form. The more often a word appears in the given text, the larger the word is displayed in the word cloud. The word cloud excludes predefined stopwords (a full list can be found in stopwords.</description>
    </item>
    
  </channel>
</rss>
